,NT_187585.1_55173
168,"00:0,3,3"
167,"00:0,3,27"
166,"11:20,6,0"
165,"00:0,18,17"
164,"01:0,1,0"
163,"01:3,3,0"
162,"..:0,0,0"
161,"00:0,8,7"
160,"11:9,8,0"
169,"..:0,0,0"
159,"01:18,0,3"
157,"00:0,24,72"
156,"01:8,4,0"
155,"11:41,18,0"
154,"11:17,18,0"
153,"00:0,4,55"
152,"11:30,87,0"
151,"00:0,9,62"
150,"11:11,9,0"
14,"01:4,3,0"
158,"11:14,12,0"
149,"11:50,9,0"
16kar,"01:0,1,0"
172,"11:8,6,0"
199,"00:0,2,0"
198,"00:0,18,32"
18kar,"00:0,9,52"
189,"00:0,9,56"
188,"00:0,3,27"
186,"00:0,18,38"
184,"..:0,0,0"
183,"00:0,24,99"
182,"00:0,18,34"
171,"01:16,3,0"
181,"00:0,9,11"
17,"00:0,4,3"
17k,"11:13,12,0"
17kar,"00:0,3,3"
178,"..:0,0,0"
177,"11:8,6,0"
176,"00:0,3,25"
175,"00:0,3,23"
174,"01:14,0,0"
173,"11:9,9,0"
180,"01:4,3,0"
148,"00:0,7,7"
147,"00:0,7,25"
146,"00:0,15,55"
119,"00:0,33,17"
118,"01:17,0,0"
117,"00:0,42,45"
116,"00:0,15,16"
115,"11:5,7,0"
114,"11:26,30,0"
113,"11:35,15,0"
112,"00:0,2,0"
111,"01:21,0,21"
11kar,"00:0,9,33"
10,"00:0,18,38"
10kar,"00:0,3,4"
109,"11:8,6,0"
108,"00:0,5,3"
107,"11:58,141,0"
107,"11:9,9,0"
107,"11:58,141,0"
107,"11:9,9,0"
106,"11:14,12,0"
105,"00:0,6,7"
104,"00:0,6,44"
103,"11:16,15,0"
10k,"00:0,9,9"
11,"01:3,3,0"
120,"01:27,0,0"
121,"00:0,2,17"
145,"00:1,5,0"
143,"11:38,33,0"
142,"00:0,24,53"
141,"11:7,6,0"
140,"00:0,7,7"
13,"11:37,27,0"
13k,"11:7,6,0"
13kar,"00:0,24,38"
139,"01:17,1,0"
138,"00:0,2,0"
137,"11:14,12,0"
136,"00:0,60,128"
135,"00:0,3,4"
12kar,"..:0,0,0"
128,"01:11,1,0"
127,"00:0,3,1"
126,"00:0,21,18"
125,"..:0,0,0"
124,"..:0,0,0"
123,"00:0,3,3"
122,"..:0,0,0"
19kar,"00:0,6,29"
102,"00:0,18,19"
19,"11:18,24,0"
201,"01:18,3,0"
66k,"01:4,3,0"
65,"00:0,45,42"
65k,"00:0,12,11"
64,"01:9,2,0"
64kar,"00:0,5,26"
63,"00:0,18,17"
63k,"00:0,9,36"
62,"00:0,7,8"
61,"11:9,9,0"
66,"11:16,15,0"
60,"00:0,10,11"
5kar,"01:4,3,0"
59,"00:0,9,9"
58,"00:0,8,9"
57,"00:0,18,20"
57k,"00:0,3,24"
56,"00:0,7,65"
55,"00:0,3,4"
54,"00:0,8,62"
54k,"00:0,10,11"
60k,"00:0,12,13"
53,"00:0,36,19"
67k,"00:0,5,7"
68k,"11:33,12,0"
k51,"11:28,27,0"
k50,"00:0,3,42"
k47,"01:21,2,0"
k12,"..:0,0,0"
9,"00:0,8,54"
9k,"11:13,21,0"
9kar,"00:0,6,7"
8kar,"00:0,9,27"
7k,"00:0,10,88"
67,"01:21,2,0"
74,"11:7,7,0"
72,"01:11,0,17"
72k,"00:0,21,22"
71,"11:12,15,0"
70,"00:0,3,3"
70k,"..:0,0,0"
6kar,"11:5,5,0"
69,"01:0,1,22"
69k,"11:11,9,0"
68,"01:0,1,0"
73,"00:0,5,6"
53k,"00:0,27,79"
52,"..:0,0,0"
52k,"01:0,0,13"
32,"00:0,5,5"
31,"00:0,5,5"
30,"00:0,4,2"
2kar,"..:0,0,0"
29,"00:0,9,52"
28,"00:0,12,10"
27,"00:0,18,74"
27k,"00:0,3,4"
26k,"..:0,0,0"
33,"00:0,9,40"
26kar,"00:0,6,7"
25kar,"..:0,0,0"
23,"00:0,12,18"
23k,"00:0,8,41"
23kar,"11:9,9,0"
22,"00:0,18,38"
22kar,"01:3,3,0"
20k,"00:0,15,16"
203,"11:14,12,0"
202,"11:13,12,0"
25,"00:0,3,27"
34k,"00:0,9,11"
34,"00:0,12,31"
35,"01:15,3,0"
50,"00:0,2,0"
4kar,"00:0,3,4"
49,"00:0,3,4"
48,"11:11,9,0"
48k,"00:0,12,13"
46,"01:19,4,0"
45,"..:0,0,0"
44,"00:0,27,25"
43,"11:18,24,0"
42,"11:39,30,0"
41,"00:0,3,4"
40,"11:17,18,0"
40k,"11:7,6,0"
3k,"11:8,6,0"
3kar,"00:0,3,4"
39,"00:0,12,31"
39k,"00:0,9,9"
38,"00:0,2,0"
37,"00:0,18,19"
37k,"00:0,5,70"
36,"00:0,4,20"
1k,"01:19,0,11"
101,"00:0,9,50"
